{"stats":{"minecraft:mined":{"minecraft:tall_grass":1,"minecraft:oak_log":5},"minecraft:picked_up":{"minecraft:oak_log":5},"minecraft:custom":{"minecraft:jump":3,"minecraft:time_since_rest":1504,"minecraft:leave_game":1,"minecraft:crouch_one_cm":149,"minecraft:sprint_one_cm":224,"minecraft:play_time":1504,"minecraft:time_since_death":1504,"minecraft:walk_one_cm":856,"minecraft:sneak_time":202,"minecraft:total_world_time":1504,"minecraft:fall_one_cm":209,"minecraft:fly_one_cm":1028}},"DataVersion":3465}